Index,Sentence,Caring,Boredom,Disappointment,Nervousness,Annoyance,Contempt,Sarcasm,Fear,Approval,Desire,Curiosity,Disgust,Pride,Confusion,Gratitude,Love,Amusement,Grief,Joy,Admiration,Embarrassment,Neutral,Anger,Disapproval,Relief,Surprise,Remorse,Realization,Excitement,Envy,Optimism,Sadness
1,"The grandfather clock blared across the hall. Bertha turned to the other side of the plush bed. It had been days since she bought the house, though it wasn't from her money. They had a deal, a deal she could not resist. Shifting the blankets over her head, she sighed—another mistake. A few months ago...",0.00000000000000000000,0.02079999999999999905,0.12500000000000000000,0.08329999999999999905,0.10420000000000000095,0.00000000000000000000,0.00000000000000000000,0.06250000000000000000,0.00000000000000000000,0.06250000000000000000,0.04170000000000000095,0.00000000000000000000,0.00000000000000000000,0.00000000000000000000,0.00000000000000000000,0.00000000000000000000,0.00000000000000000000,0.04170000000000000095,0.00000000000000000000,0.00000000000000000000,0.00000000000000000000,0.08329999999999999905,0.00000000000000000000,0.00000000000000000000,0.00000000000000000000,0.04170000000000000095,0.14580000000000001292,0.00000000000000000000,0.02079999999999999905,0.00000000000000000000,0.00000000000000000000,0.16669999999999998708
2,"She was face to face with the Bargainer. Still in the black mourning clothes she used to mourn her dead husband, still wearing the single tear that graced her cheek, so singular, so perfect like a drop of blood. They were seated in their mansion—her mansion now. Minimalistic, very unlike her. It was her late husband who preferred it.",0.00000000000000000000,0.00000000000000000000,0.09760000000000000620,0.02440000000000000155,0.00000000000000000000,0.00000000000000000000,0.00000000000000000000,0.02440000000000000155,0.04880000000000000310,0.04880000000000000310,0.04880000000000000310,0.00000000000000000000,0.00000000000000000000,0.00000000000000000000,0.00000000000000000000,0.12199999999999999734,0.00000000000000000000,0.19500000000000000666,0.00000000000000000000,0.00000000000000000000,0.00000000000000000000,0.14630000000000001337,0.00000000000000000000,0.00000000000000000000,0.00000000000000000000,0.00000000000000000000,0.07320000000000000118,0.00000000000000000000,0.00000000000000000000,0.00000000000000000000,0.00000000000000000000,0.17069999999999999063
3,"""Bertha..."" He called her so sweetly, even on his deathbed. There she was, making a deal with the Bargainer. It was all worth it. She thought, the castle is in the memory of her husband.",0.03919999999999999873,0.00000000000000000000,0.00000000000000000000,0.00000000000000000000,0.00000000000000000000,0.00000000000000000000,0.00000000000000000000,0.00000000000000000000,0.09800000000000000377,0.11759999999999999620,0.00000000000000000000,0.00000000000000000000,0.01959999999999999937,0.00000000000000000000,0.07839999999999999747,0.17649999999999999023,0.00000000000000000000,0.15690000000000001168,0.00000000000000000000,0.01959999999999999937,0.00000000000000000000,0.05879999999999999810,0.00000000000000000000,0.00000000000000000000,0.00000000000000000000,0.00000000000000000000,0.01959999999999999937,0.00000000000000000000,0.01959999999999999937,0.00010000000000000000,0.05879999999999999810,0.13730000000000000537
4,"Tick. Tick. Tick. Getting up from the bed, her black eyes drifted over to the grand window. The sky was still dark; it was still midnight.",0.00000000000000000000,0.03230000000000000232,0.00000000000000000000,0.25809999999999999609,0.12900000000000000355,0.00000000000000000000,0.00000000000000000000,0.22580000000000000071,0.00000000000000000000,0.00000000000000000000,0.06450000000000000178,0.00000000000000000000,0.00000000000000000000,0.00000000000000000000,0.00000000000000000000,0.00000000000000000000,0.00000000000000000000,0.00000000000000000000,0.00000000000000000000,0.00000000000000000000,0.00000000000000000000,0.19350000000000000533,0.00000000000000000000,0.00000000000000000000,0.00000000000000000000,0.03230000000000000232,0.00000000000000000000,0.00000000000000000000,0.00000000000000000000,0.00000000000000000000,0.00000000000000000000,0.06450000000000000178
5,"Slipping on her slippers, she strolled to the balcony, opening the doors, letting the cool breeze grace her skin. 'The moon seems lovely tonight,' she thought. There were still some lights on in the castle. Of course there was—there were maintainers and workers who worked to keep the castle clean.",0.06250000000000000000,0.00000000000000000000,0.00000000000000000000,0.00000000000000000000,0.00000000000000000000,0.00000000000000000000,0.00000000000000000000,0.00000000000000000000,0.18750000000000000000,0.03130000000000000143,0.03130000000000000143,0.00000000000000000000,0.00000000000000000000,0.00000000000000000000,0.00000000000000000000,0.00000000000000000000,0.00000000000000000000,0.00000000000000000000,0.12500000000000000000,0.15629999999999999449,0.00000000000000000000,0.24979999999999999427,0.00000000000000000000,0.00000000000000000000,0.09379999999999999449,0.00000000000000000000,0.00000000000000000000,0.00000000000000000000,0.00000000000000000000,0.00000000000000000000,0.06250000000000000000,0.00000000000000000000
6,"The rose garden was well manicured, looking exceptionally beautiful under the moonlight. Oh how she wished to visit them at this hour. Not because she was restricted—for this was already her property—but because she was too lazy to take the stairs, those things were torture. She sighed and went inside. On one of the many luxurious drawers in the chiffonier, she drew one out and picked a cigar, lighting it.",0.00000000000000000000,0.04880000000000000310,0.00000000000000000000,0.00000000000000000000,0.19500000000000000666,0.00000000000000000000,0.04880000000000000310,0.00000000000000000000,0.07320000000000000118,0.14630000000000001337,0.00000000000000000000,0.00000000000000000000,0.00000000000000000000,0.00000000000000000000,0.00000000000000000000,0.00000000000000000000,0.00000000000000000000,0.00000000000000000000,0.07320000000000000118,0.17069999999999999063,0.00000000000000000000,0.12199999999999999734,0.00000000000000000000,0.00000000000000000000,0.02440000000000000155,0.00000000000000000000,0.00000000000000000000,0.00000000000000000000,0.00000000000000000000,0.00000000000000000000,0.00000000000000000000,0.09760000000000000620
7,"It was nice being alone, but not too nice. She still missed her husband, though he was now six feet under the soil. He was the only one who saw her, but even at that he still struggled to find the depths under those dark eyes. She wasn't pretty; she wasn't docile and loving like her name. She was like a rose, with only thorns and sharp leaves for petals.",0.02170000000000000054,0.00000000000000000000,0.13039999999999998814,0.00000000000000000000,0.04349999999999999700,0.00000000000000000000,0.00000000000000000000,0.00000000000000000000,0.00000000000000000000,0.00000000000000000000,0.00000000000000000000,0.00000000000000000000,0.04349999999999999700,0.00000000000000000000,0.00000000000000000000,0.15220000000000000195,0.00000000000000000000,0.19570000000000001283,0.00000000000000000000,0.00000000000000000000,0.00000000000000000000,0.10870000000000000495,0.00000000000000000000,0.00000000000000000000,0.00000000000000000000,0.00000000000000000000,0.08699999999999999400,0.00000000000000000000,0.00000000000000000000,0.00000000000000000000,0.00000000000000000000,0.21729999999999999316
8,"This was going to be a long night… The Montante castle stood in the midst of dense foliage. It was an old and little-known castle, built by a nobleman hundreds of years ago.",0.00000000000000000000,0.18179999999999998939,0.00000000000000000000,0.09089999999999999469,0.00000000000000000000,0.00000000000000000000,0.00000000000000000000,0.00000000000000000000,0.00000000000000000000,0.00000000000000000000,0.04549999999999999878,0.00000000000000000000,0.00000000000000000000,0.00000000000000000000,0.00000000000000000000,0.00000000000000000000,0.00000000000000000000,0.00000000000000000000,0.00000000000000000000,0.00000000000000000000,0.00000000000000000000,0.54539999999999999591,0.00000000000000000000,0.00000000000000000000,0.00000000000000000000,0.00000000000000000000,0.00000000000000000000,0.00000000000000000000,0.00000000000000000000,0.00000000000000000000,0.00000000000000000000,0.13639999999999999347
9,"Who knew it? She had no interest in knowing—all she knew was that it was hers. The papers and everything were signed under her name, with her own signature. But she didn't plan on staying there forever, no, it was too much of a hassle to get from the stairs. She just wanted to stay low for the time being.",0.00000000000000000000,0.05260000000000000092,0.00000000000000000000,0.00000000000000000000,0.18420000000000000262,0.07889999999999999791,0.00000000000000000000,0.00000000000000000000,0.13159999999999999476,0.10530000000000000471,0.02630000000000000046,0.00000000000000000000,0.21049999999999999267,0.00000000000000000000,0.00000000000000000000,0.00000000000000000000,0.00000000000000000000,0.00000000000000000000,0.00000000000000000000,0.00000000000000000000,0.00000000000000000000,0.15790000000000001257,0.00000000000000000000,0.00000000000000000000,0.00000000000000000000,0.00000000000000000000,0.00000000000000000000,0.00000000000000000000,0.00000000000000000000,0.00010000000000000000,0.00000000000000000000,0.05260000000000000092
10,"The bathroom was very modest, almost too modest considering the grandness of the Master's Bedroom. The tub was made of porcelain, smooth, fair, devoid of any extra designs—much to her displeasure. After taking her bath, she put on her clothes and walked downstairs to the dining hall. The clinking of tableware increased her hunger. She then sat at the head of the long table. Breakfast was served at the table just for her... Only her.",0.00000000000000000000,0.06450000000000000178,0.00000000000000000000,0.00000000000000000000,0.19350000000000000533,0.00000000000000000000,0.00000000000000000000,0.00000000000000000000,0.00000000000000000000,0.09679999999999999716,0.03230000000000000232,0.00000000000000000000,0.00000000000000000000,0.00000000000000000000,0.00000000000000000000,0.00000000000000000000,0.00000000000000000000,0.00000000000000000000,0.00000000000000000000,0.00000000000000000000,0.00000000000000000000,0.25809999999999999609,0.00000000000000000000,0.22580000000000000071,0.00000000000000000000,0.00000000000000000000,0.00000000000000000000,0.00000000000000000000,0.00000000000000000000,0.00000000000000000000,0.00000000000000000000,0.12900000000000000355
11,"It was more of a feast—the more she looked, the more she was in disbelief. The whole extensive wooden dining table was filled to the brim with food. It seemed that this was what they had been working on, even through the night.",0.00000000000000000000,0.00000000000000000000,0.00000000000000000000,0.00000000000000000000,0.00000000000000000000,0.00000000000000000000,0.00000000000000000000,0.00000000000000000000,0.04000000000000000083,0.00000000000000000000,0.00000000000000000000,0.00000000000000000000,0.00000000000000000000,0.16000000000000000333,0.00000000000000000000,0.00000000000000000000,0.00000000000000000000,0.00000000000000000000,0.08000000000000000167,0.11999999999999999556,0.00000000000000000000,0.23999999999999999112,0.00000000000000000000,0.00000000000000000000,0.00000000000000000000,0.32000000000000000666,0.00000000000000000000,0.00000000000000000000,0.04000000000000000083,0.00000000000000000000,0.00000000000000000000,0.00000000000000000000
12,"Digging her fork into the tender mutton, she took a bite and asked: ""Surely I can't finish all this, why did you cook so much?"" Her black eyes drifted to the person beside her, clad in pristine white chef's robes, looking like she was eating his masterpiece.",0.00000000000000000000,0.00000000000000000000,0.00000000000000000000,0.00000000000000000000,0.20000000000000001110,0.00000000000000000000,0.00000000000000000000,0.00000000000000000000,0.00000000000000000000,0.00000000000000000000,0.17139999999999999680,0.00000000000000000000,0.00000000000000000000,0.22859999999999999765,0.00000000000000000000,0.00000000000000000000,0.00000000000000000000,0.00000000000000000000,0.00000000000000000000,0.05709999999999999798,0.00000000000000000000,0.14289999999999999925,0.00000000000000000000,0.08569999999999999840,0.00000000000000000000,0.11429999999999999882,0.00000000000000000000,0.00000000000000000000,0.00000000000000000000,0.00000000000000000000,0.00000000000000000000,0.00000000000000000000
13,"""Madam, it has always been a custom of the Montante—the first meal is served to the Master, the rest of it is then distributed to the workers of the castle."" He said it with a slight smile, his eyes still staring at the tender mutton she had eaten half of.",0.04760000000000000342,0.00000000000000000000,0.00000000000000000000,0.00000000000000000000,0.00000000000000000000,0.00000000000000000000,0.00000000000000000000,0.00000000000000000000,0.19050000000000000266,0.00000000000000000000,0.04760000000000000342,0.00000000000000000000,0.00000000000000000000,0.00000000000000000000,0.00000000000000000000,0.00000000000000000000,0.14289999999999999925,0.00000000000000000000,0.00000000000000000000,0.09520000000000000684,0.00000000000000000000,0.47620000000000001217,0.00000000000000000000,0.00000000000000000000,0.00000000000000000000,0.00000000000000000000,0.00000000000000000000,0.00000000000000000000,0.00000000000000000000,0.00000000000000000000,0.00000000000000000000,0.00000000000000000000
14,"""The last owners of this castle, who were they?"" she muttered. Chef Guijan replied, his voice low but clear. ""The last master was the Trueblood descendant of the noble Montante, Master Lucas. The estate was sold years ago in exchange for more properties.""",0.00000000000000000000,0.00000000000000000000,0.16000000000000000333,0.00000000000000000000,0.00000000000000000000,0.00000000000000000000,0.00000000000000000000,0.00000000000000000000,0.04000000000000000083,0.00000000000000000000,0.32000000000000000666,0.00000000000000000000,0.00000000000000000000,0.11999999999999999556,0.00000000000000000000,0.00000000000000000000,0.00000000000000000000,0.00000000000000000000,0.00000000000000000000,0.00000000000000000000,0.00000000000000000000,0.28000000000000002665,0.00000000000000000000,0.00000000000000000000,0.00000000000000000000,0.00000000000000000000,0.00000000000000000000,0.00000000000000000000,0.00000000000000000000,0.00000000000000000000,0.00000000000000000000,0.08000000000000000167
15,"Chef Guijan was a stout old man, easy to temper as he was easy to flatter. His robes were pristine and his placements were even more precise. He came along with the castle.",0.00000000000000000000,0.00000000000000000000,0.00000000000000000000,0.00000000000000000000,0.00000000000000000000,0.00000000000000000000,0.00000000000000000000,0.00000000000000000000,0.18179999999999998939,0.00000000000000000000,0.09089999999999999469,0.00000000000000000000,0.00000000000000000000,0.00000000000000000000,0.00000000000000000000,0.00000000000000000000,0.04549999999999999878,0.00000000000000000000,0.00000000000000000000,0.13639999999999999347,0.00000000000000000000,0.54539999999999999591,0.00000000000000000000,0.00000000000000000000,0.00000000000000000000,0.00000000000000000000,0.00000000000000000000,0.00000000000000000000,0.00000000000000000000,0.00000000000000000000,0.00000000000000000000,0.00000000000000000000
16,"""Seems reasonable."" She nodded and dismissed him, then ate for a little while and left the dining hall, but not without passing the chef who stood at the door the whole time.",0.00000000000000000000,0.12500000000000000000,0.00000000000000000000,0.00000000000000000000,0.16669999999999998708,0.00000000000000000000,0.00000000000000000000,0.00000000000000000000,0.33329999999999998517,0.00000000000000000000,0.00000000000000000000,0.00000000000000000000,0.00000000000000000000,0.00000000000000000000,0.00000000000000000000,0.00000000000000000000,0.00000000000000000000,0.00000000000000000000,0.00000000000000000000,0.00000000000000000000,0.00000000000000000000,0.29170000000000001483,0.00000000000000000000,0.00000000000000000000,0.08329999999999999905,0.00000000000000000000,0.00000000000000000000,0.00000000000000000000,0.00000000000000000000,0.00000000000000000000,0.00000000000000000000,0.00000000000000000000
17,"""Enjoy."" It was a very long distance from the Montante Castle to any form of civilization. It was frustrating in many ways. The Bargainer was here. With the same mask on his face, smooth and lifelike, devoid of any color except the color he always wore, and she always liked—black. Not a sliver of his skin was exposed.",0.00000000000000000000,0.00000000000000000000,0.00000000000000000000,0.12500000000000000000,0.24979999999999999427,0.00000000000000000000,0.00000000000000000000,0.15629999999999999449,0.03130000000000000143,0.00000000000000000000,0.06250000000000000000,0.03130000000000000143,0.00000000000000000000,0.00000000000000000000,0.00000000000000000000,0.00000000000000000000,0.00000000000000000000,0.00000000000000000000,0.00000000000000000000,0.06250000000000000000,0.00000000000000000000,0.18750000000000000000,0.00000000000000000000,0.09379999999999999449,0.00000000000000000000,0.00000000000000000000,0.00000000000000000000,0.00000000000000000000,0.00000000000000000000,0.00000000000000000000,0.00000000000000000000,0.00000000000000000000
18,"Standing hunched because of his very large height, he looked like something from children's nightmares and something found in the Grimm brothers' folktales. His voice was very low, almost akin to the sound of vibrating air.",0.00000000000000000000,0.00000000000000000000,0.00000000000000000000,0.19509999999999999565,0.00000000000000000000,0.00000000000000000000,0.00000000000000000000,0.24379999999999998894,0.00000000000000000000,0.00000000000000000000,0.00000000000000000000,0.21950000000000000067,0.00000000000000000000,0.07320000000000000118,0.00000000000000000000,0.00000000000000000000,0.00000000000000000000,0.00000000000000000000,0.00000000000000000000,0.04880000000000000310,0.00000000000000000000,0.12199999999999999734,0.00000000000000000000,0.00000000000000000000,0.00000000000000000000,0.09760000000000000620,0.00000000000000000000,0.00000000000000000000,0.00000000000000000000,0.00000000000000000000,0.00000000000000000000,0.00000000000000000000
19,"""I see you've made yourself comfortable,"" he murmured through the mask. Bertha nodded, feeling slightly pleased. The castle was bigger than she had ever expected, but the thing was—what was the catch? She paid no money, nor property to gain such a fortune. She was skeptical as the masked one came to her in her home with a deal with an open condition. It seemed to be something of dreams... or nightmares.",0.00000000000000000000,0.00000000000000000000,0.07320000000000000118,0.19500000000000000666,0.00000000000000000000,0.00000000000000000000,0.00000000000000000000,0.14630000000000001337,0.07320000000000000118,0.04880000000000000310,0.17069999999999999063,0.00000000000000000000,0.00000000000000000000,0.04880000000000000310,0.00000000000000000000,0.00000000000000000000,0.00000000000000000000,0.00000000000000000000,0.02440000000000000155,0.00000000000000000000,0.00000000000000000000,0.09760000000000000620,0.00000000000000000000,0.00000000000000000000,0.00000000000000000000,0.12199999999999999734,0.00000000000000000000,0.00000000000000000000,0.00000000000000000000,0.00000000000000000000,0.00000000000000000000,0.00000000000000000000
20,"Now it was 3:35 pm in the office of her boutique. She had just sorted some files before she heard he had arrived, and she welcomed him as quickly as she heard. Now they were seated in the cool office, the AC blasting cold air into the room despite the already cold weather.",0.00000000000000000000,0.00000000000000000000,0.00000000000000000000,0.00000000000000000000,0.00000000000000000000,0.00000000000000000000,0.00000000000000000000,0.00000000000000000000,0.06250000000000000000,0.00000000000000000000,0.12500000000000000000,0.00000000000000000000,0.00000000000000000000,0.00000000000000000000,0.00000000000000000000,0.00000000000000000000,0.00000000000000000000,0.00000000000000000000,0.00000000000000000000,0.00000000000000000000,0.00000000000000000000,0.75000000000000000000,0.00000000000000000000,0.00000000000000000000,0.00000000000000000000,0.00000000000000000000,0.00000000000000000000,0.00000000000000000000,0.06250000000000000000,0.00000000000000000000,0.00000000000000000000,0.00000000000000000000
21,"""The castle... what are your conditions?"" she finally spoke. It wouldn't be a lie to say her heart beat faster whenever he was with her, because true to his name, he brought Bertha her wealth.",0.00000000000000000000,0.00000000000000000000,0.00000000000000000000,0.19439999999999998948,0.00000000000000000000,0.00000000000000000000,0.00000000000000000000,0.05559999999999999665,0.02779999999999999832,0.16669999999999998708,0.22220000000000000862,0.00000000000000000000,0.00000000000000000000,0.00000000000000000000,0.11110000000000000431,0.00000000000000000000,0.00000000000000000000,0.00000000000000000000,0.00000000000000000000,0.00000000000000000000,0.00000000000000000000,0.08329999999999999905,0.00000000000000000000,0.00000000000000000000,0.00000000000000000000,0.00000000000000000000,0.00000000000000000000,0.00000000000000000000,0.13889999999999999569,0.00000000000000000000,0.00000000000000000000,0.00000000000000000000
22,"""So eager now are we?"" The Bargainer chuckled. There was silence between them.",0.00000000000000000000,0.00000000000000000000,0.00000000000000000000,0.00000000000000000000,0.06250000000000000000,0.18750000000000000000,0.21879999999999999449,0.00000000000000000000,0.03130000000000000143,0.00000000000000000000,0.09379999999999999449,0.00000000000000000000,0.00000000000000000000,0.00000000000000000000,0.00000000000000000000,0.00000000000000000000,0.24979999999999999427,0.00000000000000000000,0.00000000000000000000,0.00000000000000000000,0.00000000000000000000,0.15629999999999999449,0.00000000000000000000,0.00000000000000000000,0.00000000000000000000,0.00000000000000000000,0.00000000000000000000,0.00000000000000000000,0.00000000000000000000,0.00000000000000000000,0.00000000000000000000,0.00000000000000000000
23,"The sun was low in the sky; it would soon be time to close her boutique. She placed the files on her desk and leaned in. ""It would be strange if there wasn't a catch."" She smirked. Her legs bounced impatiently.",0.00000000000000000000,0.00000000000000000000,0.00000000000000000000,0.19439999999999998948,0.00000000000000000000,0.00000000000000000000,0.08329999999999999905,0.00000000000000000000,0.05559999999999999665,0.16669999999999998708,0.22220000000000000862,0.00000000000000000000,0.00000000000000000000,0.00000000000000000000,0.00000000000000000000,0.00000000000000000000,0.02779999999999999832,0.00000000000000000000,0.00000000000000000000,0.00000000000000000000,0.00000000000000000000,0.11110000000000000431,0.00000000000000000000,0.00000000000000000000,0.00000000000000000000,0.00000000000000000000,0.00000000000000000000,0.00000000000000000000,0.13889999999999999569,0.00000000000000000000,0.00000000000000000000,0.00000000000000000000
24,"He stood up, his cane sounding against the tiled floor. ""Very well. We will meet by dusk.""",0.00000000000000000000,0.00000000000000000000,0.00000000000000000000,0.23999999999999999112,0.00000000000000000000,0.00000000000000000000,0.00000000000000000000,0.20000000000000001110,0.11999999999999999556,0.00000000000000000000,0.04000000000000000083,0.00000000000000000000,0.00000000000000000000,0.00000000000000000000,0.00000000000000000000,0.00000000000000000000,0.00000000000000000000,0.00000000000000000000,0.00000000000000000000,0.00000000000000000000,0.00000000000000000000,0.40000000000000002220,0.00000000000000000000,0.00000000000000000000,0.00000000000000000000,0.00000000000000000000,0.00000000000000000000,0.00000000000000000000,0.00000000000000000000,0.00000000000000000000,0.00000000000000000000,0.00000000000000000000
25,"""Bertha my dear..."" Dominic didn't need to say more. She lifted the thick blankets to cover their bodies. Bertha hated the heat, but she couldn't let him go, not at this time. Slipping her hands around his thin waist, she lightly scolded behind him. ""Go to sleep, it's already late. You have your appointment in the morning.""",0.17780000000000001359,0.00000000000000000000,0.00000000000000000000,0.06669999999999999540,0.13330000000000000182,0.00000000000000000000,0.00000000000000000000,0.00000000000000000000,0.02220000000000000098,0.04440000000000000197,0.00000000000000000000,0.00000000000000000000,0.00000000000000000000,0.00000000000000000000,0.00000000000000000000,0.20000000000000001110,0.00000000000000000000,0.11110000000000000431,0.00000000000000000000,0.00000000000000000000,0.00000000000000000000,0.08890000000000000679,0.00000000000000000000,0.00000000000000000000,0.00000000000000000000,0.00000000000000000000,0.00000000000000000000,0.00000000000000000000,0.00000000000000000000,0.00000000000000000000,0.00000000000000000000,0.15559999999999998832
26,"Dominic chuckled underneath his breath, each huff more silent than the last. ""I'm soon to die... There's no need for appointments. They're all just after my money... Nothing else."" Bertha's hand tightened slightly. She could feel him rubbing her hand with soft yet smooth fingers. This young master had never lifted a finger to do hard work. It was a pity.",0.10420000000000000095,0.00000000000000000000,0.14580000000000001292,0.02079999999999999905,0.04170000000000000095,0.00000000000000000000,0.00000000000000000000,0.02079999999999999905,0.00000000000000000000,0.00000000000000000000,0.00000000000000000000,0.00000000000000000000,0.00000000000000000000,0.00000000000000000000,0.00000000000000000000,0.08329999999999999905,0.04170000000000000095,0.18750000000000000000,0.00000000000000000000,0.00000000000000000000,0.00000000000000000000,0.06250000000000000000,0.00000000000000000000,0.00000000000000000000,0.00000000000000000000,0.00000000000000000000,0.12500000000000000000,0.00000000000000000000,0.00000000000000000000,0.00000000000000000000,0.00000000000000000000,0.16669999999999998708
27,"""How are you sure I'm not after your money?"" He sighed.",0.06900000000000000577,0.00000000000000000000,0.03450000000000000289,0.00000000000000000000,0.00000000000000000000,0.00000000000000000000,0.00000000000000000000,0.00000000000000000000,0.00000000000000000000,0.00000000000000000000,0.27589999999999997859,0.00000000000000000000,0.00000000000000000000,0.00000000000000000000,0.00000000000000000000,0.10340000000000000580,0.00000000000000000000,0.13789999999999999480,0.00000000000000000000,0.00000000000000000000,0.00000000000000000000,0.17239999999999999769,0.00000000000000000000,0.00000000000000000000,0.00000000000000000000,0.00000000000000000000,0.00000000000000000000,0.00000000000000000000,0.00000000000000000000,0.00000000000000000000,0.00000000000000000000,0.20690000000000000058
28,"""Then you would have stopped giving me my drugs four years ago... Cough... You would have stopped taking care of me the night we were married."" He spoke, his deep voice soothing as midnight rain.",0.15559999999999998832,0.00000000000000000000,0.00000000000000000000,0.00000000000000000000,0.00000000000000000000,0.00000000000000000000,0.00000000000000000000,0.00000000000000000000,0.06669999999999999540,0.00000000000000000000,0.00000000000000000000,0.00000000000000000000,0.00000000000000000000,0.00000000000000000000,0.17780000000000001359,0.20000000000000001110,0.00000000000000000000,0.11110000000000000431,0.00000000000000000000,0.02220000000000000098,0.00000000000000000000,0.08890000000000000679,0.00000000000000000000,0.00000000000000000000,0.04440000000000000197,0.00000000000000000000,0.00000000000000000000,0.00000000000000000000,0.00000000000000000000,0.00000000000000000000,0.00000000000000000000,0.13330000000000000182
29,"""You—"" ""I don't have many days left, Bertha... I just want to die happy, in the arms of my wife, but... I don't want you to be too sad.""",0.14000000000000001332,0.00000000000000000000,0.11999999999999999556,0.00000000000000000000,0.00000000000000000000,0.00000000000000000000,0.00000000000000000000,0.04000000000000000083,0.00000000000000000000,0.00000000000000000000,0.00000000000000000000,0.00000000000000000000,0.00000000000000000000,0.00000000000000000000,0.00000000000000000000,0.16000000000000000333,0.00000000000000000000,0.20000000000000001110,0.00000000000000000000,0.00000000000000000000,0.00000000000000000000,0.08000000000000000167,0.00000000000000000000,0.00000000000000000000,0.00000000000000000000,0.00000000000000000000,0.05999999999999999778,0.00000000000000000000,0.00000000000000000000,0.00000000000000000000,0.02000000000000000042,0.17999999999999999334
30,"""I'm not sad."" She snapped harshly, but her voice was little more than a whisper. ""You're still too ignorant. All your property is now in my name."" ""Yes... And the children after you."" ""They won't be yours."" ""I know...""",0.02630000000000000046,0.00000000000000000000,0.05260000000000000092,0.00000000000000000000,0.00000000000000000000,0.00000000000000000000,0.10530000000000000471,0.00000000000000000000,0.00000000000000000000,0.00000000000000000000,0.00000000000000000000,0.00000000000000000000,0.00000000000000000000,0.00000000000000000000,0.00000000000000000000,0.05260000000000000092,0.00000000000000000000,0.15790000000000001257,0.00000000000000000000,0.00000000000000000000,0.00000000000000000000,0.07889999999999999791,0.21049999999999999267,0.13159999999999999476,0.00000000000000000000,0.00000000000000000000,0.00000000000000000000,0.00000000000000000000,0.00000000000000000000,0.00010000000000000000,0.00000000000000000000,0.18420000000000000262
31,"Bertha held him tighter, burying her face in his thin back. It was a known fact for both of them. Dominic was infertile because of the drug for his ailment—or so they say. They tried all they could and eventually gave up. ""Please say you love me..."" He said.",0.12729999999999999649,0.00000000000000000000,0.09089999999999999469,0.03640000000000000180,0.00000000000000000000,0.00000000000000000000,0.00000000000000000000,0.01820000000000000090,0.00000000000000000000,0.10910000000000000253,0.00000000000000000000,0.00000000000000000000,0.00000000000000000000,0.00000000000000000000,0.00000000000000000000,0.18179999999999998939,0.00000000000000000000,0.16359999999999999543,0.00000000000000000000,0.00000000000000000000,0.00000000000000000000,0.05449999999999999983,0.00000000000000000000,0.00000000000000000000,0.00000000000000000000,0.00000000000000000000,0.07270000000000000073,0.00000000000000000000,0.00000000000000000000,0.00000000000000000000,0.00000000000000000000,0.14549999999999999045
32,"""Please..."" The rose garden was the first thing about the castle she loved. It was well maintained, cared for with utmost attention. It was dusk... The dying orange-pink hues graced the sky.",0.08699999999999999400,0.00000000000000000000,0.00000000000000000000,0.00000000000000000000,0.00000000000000000000,0.00000000000000000000,0.00000000000000000000,0.00000000000000000000,0.15220000000000000195,0.06519999999999999407,0.00000000000000000000,0.00000000000000000000,0.00000000000000000000,0.00000000000000000000,0.00000000000000000000,0.19570000000000001283,0.00000000000000000000,0.04349999999999999700,0.02170000000000000054,0.17389999999999999902,0.00000000000000000000,0.10870000000000000495,0.00000000000000000000,0.00000000000000000000,0.00000000000000000000,0.00000000000000000000,0.00000000000000000000,0.00000000000000000000,0.00000000000000000000,0.00000000000000000000,0.02170000000000000054,0.13039999999999998814
33,"Standing in the midst of roses, she sighed, feeling the breeze on her skin. She owned this... all of this. She had lands and properties—assets that could move an entire state. She could have everything at her feet. All thanks to the Bargainer.",0.00000000000000000000,0.00000000000000000000,0.00000000000000000000,0.00000000000000000000,0.00000000000000000000,0.00000000000000000000,0.00000000000000000000,0.00000000000000000000,0.03570000000000000256,0.10710000000000000075,0.00000000000000000000,0.00000000000000000000,0.17849999999999999201,0.00000000000000000000,0.14289999999999999925,0.01789999999999999925,0.00000000000000000000,0.00000000000000000000,0.16070000000000000950,0.05360000000000000181,0.00000000000000000000,0.08930000000000000437,0.00000000000000000000,0.00000000000000000000,0.12500000000000000000,0.00000000000000000000,0.00000000000000000000,0.00000000000000000000,0.01789999999999999925,0.00000000000000000000,0.07140000000000000513,0.00000000000000000000
34,"Clad in pristine clothing—sharp, black, yet comfortable—she turned to the Bargainer who stood hunched beside her, his cane firm on the soil, his shadow from the dying sun larger than life. ""Here you are... At the top of the world."" He began. He started tapping his cane in a slow rhythm. ""Remember the first time we met?""",0.00000000000000000000,0.00000000000000000000,0.00000000000000000000,0.19439999999999998948,0.00000000000000000000,0.00000000000000000000,0.00000000000000000000,0.11110000000000000431,0.05559999999999999665,0.00000000000000000000,0.16669999999999998708,0.00000000000000000000,0.13889999999999999569,0.00000000000000000000,0.00000000000000000000,0.00000000000000000000,0.00000000000000000000,0.00000000000000000000,0.00000000000000000000,0.08329999999999999905,0.00000000000000000000,0.22220000000000000862,0.00000000000000000000,0.00000000000000000000,0.00000000000000000000,0.00000000000000000000,0.00000000000000000000,0.00000000000000000000,0.02779999999999999832,0.00000000000000000000,0.00000000000000000000,0.00000000000000000000
35,"She could remember it fully. Fried blonde hair, melted makeup, gaudy clothes, drowning in the rain—she was being chased from the street where she did business.",0.00000000000000000000,0.00000000000000000000,0.08329999999999999905,0.00000000000000000000,0.00000000000000000000,0.00000000000000000000,0.00000000000000000000,0.13889999999999999569,0.00000000000000000000,0.00000000000000000000,0.00000000000000000000,0.00000000000000000000,0.00000000000000000000,0.00000000000000000000,0.00000000000000000000,0.00000000000000000000,0.00000000000000000000,0.05559999999999999665,0.00000000000000000000,0.00000000000000000000,0.19439999999999998948,0.11110000000000000431,0.02779999999999999832,0.00000000000000000000,0.00000000000000000000,0.00000000000000000000,0.16669999999999998708,0.00000000000000000000,0.00000000000000000000,0.00000000000000000000,0.00000000000000000000,0.22220000000000000862
36,"Bertha was an empty husk. Devoid of light in those black, beautiful eyes. The rain fell heavier than ever, each drop hitting against her skin like stones, fueling her hatred.",0.00000000000000000000,0.00000000000000000000,0.14630000000000001337,0.00000000000000000000,0.00000000000000000000,0.00000000000000000000,0.00000000000000000000,0.04880000000000000310,0.00000000000000000000,0.00000000000000000000,0.00000000000000000000,0.02440000000000000155,0.00000000000000000000,0.00000000000000000000,0.00000000000000000000,0.00000000000000000000,0.00000000000000000000,0.17069999999999999063,0.00000000000000000000,0.00000000000000000000,0.00000000000000000000,0.09760000000000000620,0.24390000000000000568,0.00000000000000000000,0.00000000000000000000,0.00000000000000000000,0.07320000000000000118,0.00000000000000000000,0.00000000000000000000,0.00000000000000000000,0.00000000000000000000,0.19509999999999999565
37,"Just when she contemplated committing atrocities, she felt the rain had stopped. Lifting her smeared face from her knees, her red eyes drifted to the shadow beside her. It was large, too large to be normal. Following the dark clothes, her eyes met a mask. A black velvet mask with no shape, no contour. Oval.",0.00000000000000000000,0.00000000000000000000,0.00000000000000000000,0.08329999999999999905,0.00000000000000000000,0.00000000000000000000,0.00000000000000000000,0.22220000000000000862,0.00000000000000000000,0.00000000000000000000,0.16669999999999998708,0.05559999999999999665,0.00000000000000000000,0.02779999999999999832,0.00000000000000000000,0.00000000000000000000,0.00000000000000000000,0.00000000000000000000,0.00000000000000000000,0.00000000000000000000,0.00000000000000000000,0.11110000000000000431,0.13889999999999999569,0.00000000000000000000,0.00000000000000000000,0.19439999999999998948,0.00000000000000000000,0.00000000000000000000,0.00000000000000000000,0.00000000000000000000,0.00000000000000000000,0.00000000000000000000
38,"""Pretty girls shouldn't be out in the rain."" It said. Its voice clear amidst the downpour. She eyed him with her brow raised and chuckled, not that it was funny. She had finally lost her mind.",0.00000000000000000000,0.00000000000000000000,0.00000000000000000000,0.00000000000000000000,0.05559999999999999665,0.00000000000000000000,0.16669999999999998708,0.13889999999999999569,0.00000000000000000000,0.00000000000000000000,0.00000000000000000000,0.00000000000000000000,0.00000000000000000000,0.22220000000000000862,0.00000000000000000000,0.00000000000000000000,0.19439999999999998948,0.00000000000000000000,0.00000000000000000000,0.00000000000000000000,0.00000000000000000000,0.11110000000000000431,0.02779999999999999832,0.00000000000000000000,0.00000000000000000000,0.08329999999999999905,0.00000000000000000000,0.00000000000000000000,0.00000000000000000000,0.00000000000000000000,0.00000000000000000000,0.00000000000000000000
39,"""Aren't you a lovely thing."" She laughed, leaning against the wall for support before lifting herself off the ground. Now standing, she was fully aware of how tall the creature was. She was quite tall herself, being 5'11"", but she felt like a child facing the monstrosity.",0.00000000000000000000,0.00000000000000000000,0.00000000000000000000,0.08329999999999999905,0.00000000000000000000,0.00000000000000000000,0.02779999999999999832,0.22220000000000000862,0.00000000000000000000,0.00000000000000000000,0.00000000000000000000,0.00000000000000000000,0.00000000000000000000,0.13889999999999999569,0.00000000000000000000,0.00000000000000000000,0.16669999999999998708,0.00000000000000000000,0.00000000000000000000,0.05559999999999999665,0.00000000000000000000,0.11110000000000000431,0.00000000000000000000,0.00000000000000000000,0.00000000000000000000,0.19439999999999998948,0.00000000000000000000,0.00000000000000000000,0.00000000000000000000,0.00000000000000000000,0.00000000000000000000,0.00000000000000000000
40,"""You want a free night? Well, beat it. I quit."" She hissed and threw spit onto the rainy ground. The stranger just stared through the mask as if watching her behavior. They were still under the large black umbrella. It looked expensive, same as his attire and the long cane which he held in his left hand, supporting his crouch.",0.00000000000000000000,0.00000000000000000000,0.00000000000000000000,0.00000000000000000000,0.19350000000000000533,0.22580000000000000071,0.09679999999999999716,0.06450000000000000178,0.00000000000000000000,0.00000000000000000000,0.03230000000000000232,0.00000000000000000000,0.00000000000000000000,0.00000000000000000000,0.00000000000000000000,0.00000000000000000000,0.00000000000000000000,0.00000000000000000000,0.00000000000000000000,0.00000000000000000000,0.00000000000000000000,0.12900000000000000355,0.25809999999999999609,0.00000000000000000000,0.00000000000000000000,0.00000000000000000000,0.00000000000000000000,0.00000000000000000000,0.00000000000000000000,0.00000000000000000000,0.00000000000000000000,0.00000000000000000000
41,"Just as she was about to leave, she heard his voice. ""I can get you everything you desire."" The alley was silent, so silent she heard her own breath. Everything she desired? Recalling those memories was painful, considering what she did to get to the top, the things she sacrificed.",0.00000000000000000000,0.00000000000000000000,0.02560000000000000123,0.05129999999999999838,0.00000000000000000000,0.00000000000000000000,0.00000000000000000000,0.07689999999999999614,0.00000000000000000000,0.20510000000000000453,0.15379999999999999227,0.00000000000000000000,0.00000000000000000000,0.00000000000000000000,0.00000000000000000000,0.00000000000000000000,0.00000000000000000000,0.00000000000000000000,0.00000000000000000000,0.00000000000000000000,0.00000000000000000000,0.07689999999999999614,0.00000000000000000000,0.00000000000000000000,0.00000000000000000000,0.17949999999999999289,0.10259999999999999676,0.00000000000000000000,0.00000000000000000000,0.00010000000000000000,0.00000000000000000000,0.12820000000000000839
42,"The Bargainer had stayed true to his word, giving her everything she had wanted. Now she was in the beautiful garden of her own estate, talking to the same Bargainer, but the situation was different yet the same. A condition must be met.",0.00000000000000000000,0.00000000000000000000,0.00000000000000000000,0.16669999999999998708,0.00000000000000000000,0.00000000000000000000,0.00000000000000000000,0.03330000000000000321,0.03330000000000000321,0.10000000000000000555,0.00000000000000000000,0.00000000000000000000,0.00000000000000000000,0.00000000000000000000,0.26669999999999999263,0.00000000000000000000,0.00000000000000000000,0.00000000000000000000,0.00000000000000000000,0.00000000000000000000,0.00000000000000000000,0.20000000000000001110,0.00000000000000000000,0.00000000000000000000,0.00000000000000000000,0.06669999999999999540,0.00000000000000000000,0.13330000000000000182,0.00000000000000000000,0.00000000000000000000,0.00000000000000000000,0.00000000000000000000
43,"""Nothing in this world comes free."" She muttered. The sun had already set. They had been standing for thirty minutes. ""Ever wondered about the cycle of the sun?"" He questioned. She glanced at him.",0.00000000000000000000,0.00000000000000000000,0.05559999999999999665,0.19439999999999998948,0.00000000000000000000,0.00000000000000000000,0.00000000000000000000,0.11110000000000000431,0.00000000000000000000,0.00000000000000000000,0.16669999999999998708,0.00000000000000000000,0.00000000000000000000,0.02779999999999999832,0.00000000000000000000,0.00000000000000000000,0.00000000000000000000,0.00000000000000000000,0.00000000000000000000,0.00000000000000000000,0.00000000000000000000,0.13889999999999999569,0.00000000000000000000,0.00000000000000000000,0.00000000000000000000,0.00000000000000000000,0.00000000000000000000,0.22220000000000000862,0.00000000000000000000,0.00000000000000000000,0.00000000000000000000,0.08329999999999999905
44,"""It is already predestined. Rises by dawn, falls by dusk."" It was how it worked; it was just the order. The Bargainer nodded in approval. ""Still the same. No matter the centuries, the millennia that passed. The human life is too short, but each lifetime starts with dawn and ends with dusk.""",0.00000000000000000000,0.00000000000000000000,0.00000000000000000000,0.00000000000000000000,0.00000000000000000000,0.00000000000000000000,0.00000000000000000000,0.06250000000000000000,0.21879999999999999449,0.00000000000000000000,0.09379999999999999449,0.00000000000000000000,0.00000000000000000000,0.00000000000000000000,0.00000000000000000000,0.00000000000000000000,0.00000000000000000000,0.00000000000000000000,0.00000000000000000000,0.03130000000000000143,0.00000000000000000000,0.24979999999999999427,0.00000000000000000000,0.00000000000000000000,0.00000000000000000000,0.00000000000000000000,0.00000000000000000000,0.18750000000000000000,0.00000000000000000000,0.00000000000000000000,0.00000000000000000000,0.15629999999999999449
45,"""Dusk."" ""Yes, I'm afraid your dusk is coming. Be prepared."" Her heart beat loudly against her chest. Shifting back, she glared at the Bargainer. How could she not understand what he was saying?",0.00000000000000000000,0.00000000000000000000,0.05449999999999999983,0.16359999999999999543,0.00000000000000000000,0.00000000000000000000,0.00000000000000000000,0.18179999999999998939,0.00000000000000000000,0.00000000000000000000,0.01820000000000000090,0.00000000000000000000,0.00000000000000000000,0.12729999999999999649,0.00000000000000000000,0.00000000000000000000,0.00000000000000000000,0.00000000000000000000,0.00000000000000000000,0.00000000000000000000,0.00000000000000000000,0.03640000000000000180,0.14549999999999999045,0.00000000000000000000,0.00000000000000000000,0.10910000000000000253,0.00000000000000000000,0.09089999999999999469,0.00000000000000000000,0.00000000000000000000,0.00000000000000000000,0.07270000000000000073
46,"""Watch your words..."" Bertha hissed through gritted teeth. How could that be? It was just too soon. If she left, who would inherit all this? All the wealth she had accumulated over the years?",0.00000000000000000000,0.00000000000000000000,0.03919999999999999873,0.09800000000000000377,0.15690000000000001168,0.00000000000000000000,0.00000000000000000000,0.17649999999999999023,0.00000000000000000000,0.11759999999999999620,0.00000000000000000000,0.00000000000000000000,0.00000000000000000000,0.01959999999999999937,0.00000000000000000000,0.00000000000000000000,0.00000000000000000000,0.00000000000000000000,0.00000000000000000000,0.00000000000000000000,0.00000000000000000000,0.05879999999999999810,0.19609999999999999654,0.00000000000000000000,0.00000000000000000000,0.00000000000000000000,0.00000000000000000000,0.00000000000000000000,0.00000000000000000000,0.00000000000000000000,0.00000000000000000000,0.13730000000000000537
47,"The Bargainer chuckled as soon as he heard her words. People always seemed to forget where they came from after tasting wealth. It was still the same, regardless of the time that passed. Centuries? Millennia? It didn't matter.",0.00000000000000000000,0.00000000000000000000,0.00000000000000000000,0.00000000000000000000,0.00000000000000000000,0.22220000000000000862,0.11110000000000000431,0.00000000000000000000,0.00000000000000000000,0.00000000000000000000,0.00000000000000000000,0.00000000000000000000,0.02779999999999999832,0.00000000000000000000,0.00000000000000000000,0.00000000000000000000,0.19439999999999998948,0.00000000000000000000,0.00000000000000000000,0.00000000000000000000,0.00000000000000000000,0.16669999999999998708,0.05559999999999999665,0.13889999999999999569,0.00000000000000000000,0.00000000000000000000,0.00000000000000000000,0.08329999999999999905,0.00000000000000000000,0.00000000000000000000,0.00000000000000000000,0.00000000000000000000
48,"""My words have never changed. You asked for the condition and I laid it. Enjoy the time you have left."" He planted his cane down, stopping the rhythm that had been going on, the rhythm Bertha had grown to fear.",0.00000000000000000000,0.00000000000000000000,0.16000000000000000333,0.11999999999999999556,0.02000000000000000042,0.00000000000000000000,0.00000000000000000000,0.20000000000000001110,0.00000000000000000000,0.00000000000000000000,0.00000000000000000000,0.00000000000000000000,0.00000000000000000000,0.00000000000000000000,0.00000000000000000000,0.00000000000000000000,0.00000000000000000000,0.00000000000000000000,0.00000000000000000000,0.00000000000000000000,0.00000000000000000000,0.08000000000000000167,0.17999999999999999334,0.00000000000000000000,0.00000000000000000000,0.00000000000000000000,0.05999999999999999778,0.04000000000000000083,0.00000000000000000000,0.00000000000000000000,0.00000000000000000000,0.14000000000000001332
49,"She watched as he went away, slowly as he came. Shutting her eyes, she took a deep breath, trying to calm herself. Bertha couldn't sleep that night. She was still in the rose garden, still in her work clothes. Her dark eyes gazed through the woods under the moonlight.",0.00000000000000000000,0.00000000000000000000,0.08329999999999999905,0.19439999999999998948,0.00000000000000000000,0.00000000000000000000,0.00000000000000000000,0.22220000000000000862,0.00000000000000000000,0.00000000000000000000,0.00000000000000000000,0.00000000000000000000,0.00000000000000000000,0.00000000000000000000,0.00000000000000000000,0.00000000000000000000,0.00000000000000000000,0.05559999999999999665,0.00000000000000000000,0.00000000000000000000,0.00000000000000000000,0.11110000000000000431,0.00000000000000000000,0.00000000000000000000,0.13889999999999999569,0.00000000000000000000,0.02779999999999999832,0.00000000000000000000,0.00000000000000000000,0.00000000000000000000,0.00000000000000000000,0.16669999999999998708
50,"Sitting on a stone pavement, she was in deep thought. She didn't want to die. She wanted to live. She was only 28. Puffing the cigar from her nose, she ruffled her black hair. She needed a plan. She needed to leave the country, the continent if need be, so they wouldn't find her.",0.00000000000000000000,0.00000000000000000000,0.00000000000000000000,0.14890000000000000457,0.00000000000000000000,0.00000000000000000000,0.00000000000000000000,0.21270000000000000018,0.00000000000000000000,0.19150000000000000355,0.02129999999999999949,0.00000000000000000000,0.00000000000000000000,0.00000000000000000000,0.00000000000000000000,0.00000000000000000000,0.00000000000000000000,0.00000000000000000000,0.00000000000000000000,0.00000000000000000000,0.00000000000000000000,0.08509999999999999509,0.06379999999999999560,0.00000000000000000000,0.00000000000000000000,0.00000000000000000000,0.04259999999999999898,0.00000000000000000000,0.00000000000000000000,0.00000000000000000000,0.10639999999999999458,0.12770000000000000795
51,"Alone in the rose garden, she contemplated the identity of the Bargainer. She had never seen his face underneath that mask. Never seen him anywhere else except when he came to meet her. His entire existence was a mystery to her.",0.00000000000000000000,0.00000000000000000000,0.00000000000000000000,0.17139999999999999680,0.00000000000000000000,0.00000000000000000000,0.00000000000000000000,0.11429999999999999882,0.00000000000000000000,0.00000000000000000000,0.22859999999999999765,0.00000000000000000000,0.00000000000000000000,0.20000000000000001110,0.00000000000000000000,0.00000000000000000000,0.00000000000000000000,0.00000000000000000000,0.00000000000000000000,0.00000000000000000000,0.00000000000000000000,0.14289999999999999925,0.00000000000000000000,0.00000000000000000000,0.00000000000000000000,0.08569999999999999840,0.00000000000000000000,0.00000000000000000000,0.00000000000000000000,0.00000000000000000000,0.00000000000000000000,0.05709999999999999798
52,"Since that night under the rain, her life had changed. She had been a prostitute, wasted goods. She had been robbed and beaten that night. Being the least beautiful among the girls in the same profession, she had been the least favored.",0.00000000000000000000,0.00000000000000000000,0.15909999999999999143,0.00000000000000000000,0.00000000000000000000,0.00000000000000000000,0.00000000000000000000,0.04549999999999999878,0.00000000000000000000,0.00000000000000000000,0.00000000000000000000,0.00000000000000000000,0.00000000000000000000,0.00000000000000000000,0.00000000000000000000,0.00000000000000000000,0.00000000000000000000,0.18179999999999998939,0.00000000000000000000,0.00000000000000000000,0.06819999999999999674,0.09089999999999999469,0.11360000000000000653,0.00000000000000000000,0.00000000000000000000,0.00000000000000000000,0.13639999999999999347,0.00000000000000000000,0.00000000000000000000,0.00000000000000000000,0.00000000000000000000,0.20449999999999998734
53,She got everything she wanted in the end. Revenge? She paid them back every coin. Properties and assets? She got them through her late husband. This magnificent castle? She got it.,0.00000000000000000000,0.00000000000000000000,0.00000000000000000000,0.00000000000000000000,0.00000000000000000000,0.00000000000000000000,0.00000000000000000000,0.00000000000000000000,0.03230000000000000232,0.09679999999999999716,0.00000000000000000000,0.00000000000000000000,0.25800000000000000711,0.00000000000000000000,0.00000000000000000000,0.00000000000000000000,0.00000000000000000000,0.00000000000000000000,0.22580000000000000071,0.03230000000000000232,0.00000000000000000000,0.12900000000000000355,0.00000000000000000000,0.00000000000000000000,0.16129999999999999893,0.00000000000000000000,0.00000000000000000000,0.00000000000000000000,0.00000000000000000000,0.00000000000000000000,0.06450000000000000178,0.00000000000000000000
54,"But it didn't come without a price, as she had thought. The price was too much. She valued her life, her goods.",0.00000000000000000000,0.00000000000000000000,0.22220000000000000862,0.02779999999999999832,0.00000000000000000000,0.00000000000000000000,0.00000000000000000000,0.19439999999999998948,0.00000000000000000000,0.00000000000000000000,0.00000000000000000000,0.00000000000000000000,0.00000000000000000000,0.00000000000000000000,0.00000000000000000000,0.00000000000000000000,0.00000000000000000000,0.00000000000000000000,0.00000000000000000000,0.00000000000000000000,0.00000000000000000000,0.08329999999999999905,0.05559999999999999665,0.00000000000000000000,0.00000000000000000000,0.00000000000000000000,0.11110000000000000431,0.13889999999999999569,0.00000000000000000000,0.00000000000000000000,0.00000000000000000000,0.16669999999999998708
55,"Lifting herself off the stone pavement, she strolled back into the castle. She had a plan in mind, and she would see it through to the end. She would not die like this. She would prevent her dusk from happening.",0.00000000000000000000,0.00000000000000000000,0.00000000000000000000,0.00000000000000000000,0.00000000000000000000,0.00000000000000000000,0.00000000000000000000,0.25000000000000000000,0.00000000000000000000,0.07140000000000000513,0.00000000000000000000,0.00000000000000000000,0.03570000000000000256,0.00000000000000000000,0.00000000000000000000,0.00000000000000000000,0.00000000000000000000,0.00000000000000000000,0.00000000000000000000,0.00000000000000000000,0.00000000000000000000,0.14289999999999999925,0.10710000000000000075,0.00000000000000000000,0.00000000000000000000,0.00000000000000000000,0.00000000000000000000,0.00000000000000000000,0.17860000000000000875,0.00000000000000000000,0.21429999999999999050,0.00000000000000000000
56,"Bertha had always been the bitter child. Even as a little girl at the orphanage, everyone knew her with a frown on her little face. That nature grew with her and cost her many things. Ungrateful, greedy, selfish... Those were the words that followed her into adulthood, the words she built around herself as a fortress.",0.00000000000000000000,0.00000000000000000000,0.08569999999999999840,0.00000000000000000000,0.00000000000000000000,0.00000000000000000000,0.00000000000000000000,0.00000000000000000000,0.00000000000000000000,0.00000000000000000000,0.00000000000000000000,0.00000000000000000000,0.11429999999999999882,0.00000000000000000000,0.00000000000000000000,0.00000000000000000000,0.00000000000000000000,0.00000000000000000000,0.00000000000000000000,0.00000000000000000000,0.00000000000000000000,0.17139999999999999680,0.14289999999999999925,0.20000000000000001110,0.00000000000000000000,0.00000000000000000000,0.05709999999999999798,0.00000000000000000000,0.00000000000000000000,0.00000000000000000000,0.00000000000000000000,0.22859999999999999765
57,"Kicked out of the orphanage because she was too old to stay and be adopted, she tried many ways of living. She dropped out of secondary school and began working as a cleaner behind bars. Nobody wanted to see her face; they said it would scare the customers away.",0.00000000000000000000,0.00000000000000000000,0.19439999999999998948,0.00000000000000000000,0.00000000000000000000,0.00000000000000000000,0.00000000000000000000,0.02779999999999999832,0.00000000000000000000,0.00000000000000000000,0.00000000000000000000,0.00000000000000000000,0.00000000000000000000,0.00000000000000000000,0.00000000000000000000,0.00000000000000000000,0.00000000000000000000,0.00000000000000000000,0.00000000000000000000,0.00000000000000000000,0.08329999999999999905,0.13889999999999999569,0.16669999999999998708,0.05559999999999999665,0.00000000000000000000,0.00000000000000000000,0.11110000000000000431,0.00000000000000000000,0.00000000000000000000,0.00000000000000000000,0.00000000000000000000,0.22220000000000000862
58,"She was eventually kicked out because of her attitude, her nonchalance. Roaming the streets, she was caught in a series of unfortunate events before ultimately staying on the road, looking for anyone who would trade money for her body. She fried her black hair blonde, put on the heaviest makeup, wore the lightest clothes—even in cold weather.",0.00000000000000000000,0.00000000000000000000,0.20690000000000000058,0.00000000000000000000,0.00000000000000000000,0.00000000000000000000,0.00000000000000000000,0.00000000000000000000,0.00000000000000000000,0.13789999999999999480,0.00000000000000000000,0.00000000000000000000,0.00000000000000000000,0.00000000000000000000,0.00000000000000000000,0.00000000000000000000,0.00000000000000000000,0.00000000000000000000,0.00000000000000000000,0.00000000000000000000,0.03450000000000000289,0.17239999999999999769,0.06900000000000000577,0.00000000000000000000,0.00000000000000000000,0.00000000000000000000,0.10340000000000000580,0.00000000000000000000,0.00000000000000000000,0.00000000000000000000,0.00000000000000000000,0.27589999999999997859
59,"There was nothing she wouldn't do for money. And then, at her lowest, the Bargainer came. Offered a deal too good to resist, and gave her a life too good to be true. Well, almost too good. Now, sitting at her chiffonier, cleaning her face, she looked at her features once again. Low cheekbones, thin lips, eyes larger than their sockets. She was less than beautiful, far less.",0.00000000000000000000,0.00000000000000000000,0.20690000000000000058,0.00000000000000000000,0.00000000000000000000,0.00000000000000000000,0.00000000000000000000,0.03450000000000000289,0.00000000000000000000,0.27589999999999997859,0.00000000000000000000,0.00000000000000000000,0.00000000000000000000,0.00000000000000000000,0.00000000000000000000,0.00000000000000000000,0.00000000000000000000,0.00000000000000000000,0.00000000000000000000,0.00000000000000000000,0.00000000000000000000,0.13789999999999999480,0.00000000000000000000,0.00000000000000000000,0.10340000000000000580,0.00000000000000000000,0.06900000000000000577,0.00000000000000000000,0.00000000000000000000,0.00000000000000000000,0.00000000000000000000,0.17239999999999999769
60,"Yet Dominic saw her... treasured her, even knowing what she was truly after. He was the only one in a long, very long time who called her name with tenderness. ""Bertha..."" Please say you love me...",0.10910000000000000253,0.00000000000000000000,0.01820000000000000090,0.00000000000000000000,0.00000000000000000000,0.00000000000000000000,0.00000000000000000000,0.00000000000000000000,0.00000000000000000000,0.09089999999999999469,0.00000000000000000000,0.00000000000000000000,0.00000000000000000000,0.00000000000000000000,0.16359999999999999543,0.18179999999999998939,0.00000000000000000000,0.12729999999999999649,0.00000000000000000000,0.05449999999999999983,0.00000000000000000000,0.07270000000000000073,0.00000000000000000000,0.00000000000000000000,0.00000000000000000000,0.00000000000000000000,0.03640000000000000180,0.00000000000000000000,0.00000000000000000000,0.00000000000000000000,0.00000000000000000000,0.14549999999999999045
61,"Those were his last words. Young master Dominic Von Aine, the sickly man who had the world at his feet, had pleaded with a former prostitute. Was he happy and healthy in heaven? She wouldn't know, because she was going to hell.",0.00000000000000000000,0.00000000000000000000,0.07689999999999999614,0.00000000000000000000,0.00000000000000000000,0.00000000000000000000,0.00000000000000000000,0.05129999999999999838,0.00000000000000000000,0.00000000000000000000,0.00000000000000000000,0.00000000000000000000,0.00000000000000000000,0.00000000000000000000,0.00000000000000000000,0.10259999999999999676,0.00000000000000000000,0.23080000000000000515,0.00000000000000000000,0.00000000000000000000,0.00000000000000000000,0.12820000000000000839,0.02560000000000000123,0.00000000000000000000,0.00000000000000000000,0.00000000000000000000,0.17949999999999999289,0.00000000000000000000,0.00000000000000000000,0.00000000000000000000,0.00000000000000000000,0.20510000000000000453
62,"Applying her red lipstick, she stood up, walked with her luggage, placing her black hat perfectly on her head, not a millimeter wrong. She didn't allow any help carrying her luggage as she wheeled it herself down the steps. The servants lined up, all neat and perfect.",0.00000000000000000000,0.00000000000000000000,0.00000000000000000000,0.00000000000000000000,0.00000000000000000000,0.00000000000000000000,0.00000000000000000000,0.00000000000000000000,0.13039999999999998814,0.08699999999999999400,0.00000000000000000000,0.00000000000000000000,0.30430000000000001492,0.00000000000000000000,0.00000000000000000000,0.00000000000000000000,0.00000000000000000000,0.00000000000000000000,0.00000000000000000000,0.04349999999999999700,0.00000000000000000000,0.26090000000000002078,0.00000000000000000000,0.00000000000000000000,0.00000000000000000000,0.00000000000000000000,0.00000000000000000000,0.00000000000000000000,0.17389999999999999902,0.00000000000000000000,0.00000000000000000000,0.00000000000000000000
63,"The hangar wasn't too far away, but too far to walk. Entering the sleek black car, she drove to the castle's hangar. There weren't any jets there because they would occupy too much space. Most of the helicopters were hers. Offloading her luggage, she sat in the back seat. The pilots were on standby, and soon they were in the air.",0.00000000000000000000,0.00000000000000000000,0.00000000000000000000,0.00000000000000000000,0.00000000000000000000,0.00000000000000000000,0.00000000000000000000,0.00000000000000000000,0.05260000000000000092,0.26319999999999998952,0.00000000000000000000,0.00000000000000000000,0.00000000000000000000,0.00000000000000000000,0.00000000000000000000,0.00000000000000000000,0.00000000000000000000,0.00000000000000000000,0.00000000000000000000,0.00000000000000000000,0.00000000000000000000,0.52629999999999999005,0.00000000000000000000,0.00000000000000000000,0.00000000000000000000,0.00000000000000000000,0.00000000000000000000,0.00000000000000000000,0.15790000000000001257,0.00000000000000000000,0.00000000000000000000,0.00000000000000000000
64,"The view of the castle was magnificent. It stretched far and wide. It was such a pity that castle came with her life. Coming back to the Von Aine mansion wasn't her intention. Not that she despised her ended marriage—no; it was seemingly worse than that. The mansion was well maintained, beautiful, yet still minimalistic. It was many times smaller than the Montante castle, but it was where she had spent the last five years.",0.00000000000000000000,0.00000000000000000000,0.18920000000000000706,0.00000000000000000000,0.02699999999999999969,0.00000000000000000000,0.00000000000000000000,0.00000000000000000000,0.02699999999999999969,0.00000000000000000000,0.00000000000000000000,0.00000000000000000000,0.00000000000000000000,0.00000000000000000000,0.00000000000000000000,0.08110000000000000542,0.00000000000000000000,0.13509999999999999787,0.00000000000000000000,0.16220000000000001084,0.00000000000000000000,0.10810000000000000164,0.00000000000000000000,0.00000000000000000000,0.00000000000000000000,0.00000000000000000000,0.05410000000000000225,0.00000000000000000000,0.00000000000000000000,0.00000000000000000000,0.00000000000000000000,0.21620000000000000329
65,"How did she get into marriage with Dominic? It wasn't like some typical maid-cleaning-story cliché. She came in full force and demanded marriage. He had made a deal with the Bargainer to take care of some people who were after his money. That was when she knew he wasn't as innocent as his first impression—sitting in the garden, wearing light clothes with a smile as he watched the butterflies.",0.00000000000000000000,0.00000000000000000000,0.00000000000000000000,0.00000000000000000000,0.00000000000000000000,0.00000000000000000000,0.00000000000000000000,0.00000000000000000000,0.00000000000000000000,0.00000000000000000000,0.24240000000000000435,0.00000000000000000000,0.00000000000000000000,0.00000000000000000000,0.00000000000000000000,0.00000000000000000000,0.00000000000000000000,0.00000000000000000000,0.00000000000000000000,0.00000000000000000000,0.00000000000000000000,0.12120000000000000218,0.06060000000000000109,0.15149999999999999578,0.00000000000000000000,0.21210000000000001075,0.00000000000000000000,0.18179999999999998939,0.03030000000000000054,0.00010000000000000000,0.00000000000000000000,0.00000000000000000000
66,"He was her contract. He knew he wouldn't live long. According to him, it was a miracle he'd lived this long. When she asked about his relatives on their wedding day—as no one came to the simple yet lavish hall except for housekeepers and his medical help—he replied:",0.02779999999999999832,0.00000000000000000000,0.13889999999999999569,0.00000000000000000000,0.00000000000000000000,0.00000000000000000000,0.00000000000000000000,0.00000000000000000000,0.00000000000000000000,0.00000000000000000000,0.11110000000000000431,0.00000000000000000000,0.00000000000000000000,0.00000000000000000000,0.00000000000000000000,0.05559999999999999665,0.00000000000000000000,0.16669999999999998708,0.00000000000000000000,0.00000000000000000000,0.00000000000000000000,0.22220000000000000862,0.00000000000000000000,0.00000000000000000000,0.00000000000000000000,0.00000000000000000000,0.00000000000000000000,0.08329999999999999905,0.00000000000000000000,0.00000000000000000000,0.00000000000000000000,0.19439999999999998948
67,"""You are my only family, dear..."" And they married. Lived for five years before his body failed him and he passed away. She fortified the mansion, hiring the best bodyguards she could lay her hands on. She could never forget the Bargainer's words.",0.11630000000000000060,0.00000000000000000000,0.00000000000000000000,0.09299999999999999933,0.00000000000000000000,0.00000000000000000000,0.00000000000000000000,0.13950000000000001288,0.00000000000000000000,0.00000000000000000000,0.00000000000000000000,0.00000000000000000000,0.00000000000000000000,0.00000000000000000000,0.02330000000000000127,0.20930000000000001381,0.00000000000000000000,0.18599999999999999867,0.00000000000000000000,0.00000000000000000000,0.00000000000000000000,0.06980000000000000093,0.00000000000000000000,0.00000000000000000000,0.00000000000000000000,0.00000000000000000000,0.00000000000000000000,0.00000000000000000000,0.00000000000000000000,0.00000000000000000000,0.00000000000000000000,0.16280000000000000027
68,"Her dusk was coming. Taking a deep breath, she caressed the framed picture in her hand. It was Dominic as a child—slightly healthier, but still paler than normal. His lifelong disease had marked him young.",0.08110000000000000542,0.00000000000000000000,0.02699999999999999969,0.13509999999999999787,0.00000000000000000000,0.00000000000000000000,0.00000000000000000000,0.21620000000000000329,0.00000000000000000000,0.00000000000000000000,0.00000000000000000000,0.00000000000000000000,0.00000000000000000000,0.00000000000000000000,0.00000000000000000000,0.05410000000000000225,0.00000000000000000000,0.16220000000000001084,0.00000000000000000000,0.00000000000000000000,0.00000000000000000000,0.10810000000000000164,0.00000000000000000000,0.00000000000000000000,0.00000000000000000000,0.00000000000000000000,0.02699999999999999969,0.00000000000000000000,0.00000000000000000000,0.00000000000000000000,0.00000000000000000000,0.18920000000000000706
69,"The mansion stood in perfect order, every photo, every vase preserved as on the day he died. ""Madam."" A voice called from behind. Her black eyes drifted to the doorway. The head bodyguard stood waiting. ""Any problems?"" she asked.",0.00000000000000000000,0.00000000000000000000,0.00000000000000000000,0.20830000000000001292,0.00000000000000000000,0.00000000000000000000,0.00000000000000000000,0.12500000000000000000,0.00000000000000000000,0.00000000000000000000,0.16669999999999998708,0.00000000000000000000,0.00000000000000000000,0.00000000000000000000,0.00000000000000000000,0.00000000000000000000,0.00000000000000000000,0.00000000000000000000,0.00000000000000000000,0.00000000000000000000,0.00000000000000000000,0.41670000000000001483,0.00000000000000000000,0.00000000000000000000,0.00000000000000000000,0.00000000000000000000,0.00000000000000000000,0.00000000000000000000,0.00000000000000000000,0.00000000000000000000,0.00000000000000000000,0.08329999999999999905
70,"""No, ma'am. Everyone is on guard.”. ""Good."" The guard left. Alone again, she noticed how much warmer this room felt than the castle, despite its sparse furnishings.",0.00000000000000000000,0.00000000000000000000,0.00000000000000000000,0.00000000000000000000,0.00000000000000000000,0.00000000000000000000,0.00000000000000000000,0.10710000000000000075,0.21429999999999999050,0.00000000000000000000,0.00000000000000000000,0.00000000000000000000,0.00000000000000000000,0.00000000000000000000,0.00000000000000000000,0.00000000000000000000,0.00000000000000000000,0.00000000000000000000,0.00000000000000000000,0.00000000000000000000,0.00000000000000000000,0.28570000000000000950,0.00000000000000000000,0.00000000000000000000,0.25000000000000000000,0.00000000000000000000,0.00000000000000000000,0.00000000000000000000,0.00000000000000000000,0.00000000000000000000,0.00000000000000000000,0.14289999999999999925
71,"The sun set faster than Bertha expected. In her study, her hands gripped the chair arms until her knuckles threatened to split. The air hung thick despite the purifier humming in the corner. Dark bruises shadowed her eyes—two nights without sleep.",0.00000000000000000000,0.00000000000000000000,0.09520000000000000684,0.21429999999999999050,0.00000000000000000000,0.00000000000000000000,0.00000000000000000000,0.23810000000000000608,0.00000000000000000000,0.00000000000000000000,0.00000000000000000000,0.00000000000000000000,0.00000000000000000000,0.00000000000000000000,0.00000000000000000000,0.00000000000000000000,0.00000000000000000000,0.02380000000000000171,0.00000000000000000000,0.00000000000000000000,0.00000000000000000000,0.11899999999999999467,0.04760000000000000342,0.00000000000000000000,0.00000000000000000000,0.00000000000000000000,0.07140000000000000513,0.00000000000000000000,0.00000000000000000000,0.00010000000000000000,0.00000000000000000000,0.19050000000000000266
72,"She shouldn't have made that deal. Should have stopped when she had everything. But she'd traded sanity for wealth, empathy for power... even her womb for this gilded cage. Now he wanted her life? Rising abruptly, she lit a cigar from her desk drawer and stalked to the window. The sun bled out, orange and pink fading to bruised purple.",0.00000000000000000000,0.00000000000000000000,0.12239999999999999492,0.06119999999999999746,0.00000000000000000000,0.00000000000000000000,0.00000000000000000000,0.18370000000000000218,0.00000000000000000000,0.00000000000000000000,0.00000000000000000000,0.00000000000000000000,0.00000000000000000000,0.00000000000000000000,0.00000000000000000000,0.00000000000000000000,0.00000000000000000000,0.04080000000000000293,0.00000000000000000000,0.00000000000000000000,0.00000000000000000000,0.08160000000000000586,0.16330000000000000071,0.00000000000000000000,0.00000000000000000000,0.00000000000000000000,0.20410000000000000364,0.00000000000000000000,0.00000000000000000000,0.00000000000000000000,0.00000000000000000000,0.14289999999999999925
73,"""Where would I be?"" she murmured, laughing bitterly as she tapped ash onto the floor. The smoke curled from her lips with her sigh. ""Doesn't matter anyway."" A voice answered from the darkness behind her.",0.00000000000000000000,0.00000000000000000000,0.08329999999999999905,0.02779999999999999832,0.00000000000000000000,0.00000000000000000000,0.16669999999999998708,0.13889999999999999569,0.00000000000000000000,0.00000000000000000000,0.00000000000000000000,0.00000000000000000000,0.00000000000000000000,0.00000000000000000000,0.00000000000000000000,0.00000000000000000000,0.00000000000000000000,0.00000000000000000000,0.00000000000000000000,0.00000000000000000000,0.00000000000000000000,0.11110000000000000431,0.19439999999999998948,0.00000000000000000000,0.00000000000000000000,0.00000000000000000000,0.05559999999999999665,0.00000000000000000000,0.00000000000000000000,0.00000000000000000000,0.00000000000000000000,0.22220000000000000862
74,"""I'm afraid you're correct."" That sound—low, ancient, terrifyingly familiar—stopped her heart mid-beat. She turned. There. Behind the desk. The towering figure with his cane. His mask still velvet... but now the color of fresh blood.",0.00000000000000000000,0.00000000000000000000,0.00000000000000000000,0.16669999999999998708,0.00000000000000000000,0.00000000000000000000,0.00000000000000000000,0.20830000000000001292,0.00000000000000000000,0.00000000000000000000,0.00000000000000000000,0.14580000000000001292,0.00000000000000000000,0.06250000000000000000,0.00000000000000000000,0.00000000000000000000,0.00000000000000000000,0.00000000000000000000,0.00000000000000000000,0.00000000000000000000,0.00000000000000000000,0.10420000000000000095,0.08329999999999999905,0.00000000000000000000,0.00000000000000000000,0.18750000000000000000,0.00000000000000000000,0.04170000000000000095,0.00000000000000000000,0.00000000000000000000,0.00000000000000000000,0.00000000000000000000
75,"""How did you get here?"" She stepped back, fingers digging into the window frame. His cane tapped that same dreadful rhythm from the rose garden. ""Same as always. I walked.""",0.00000000000000000000,0.00000000000000000000,0.00000000000000000000,0.13639999999999999347,0.06819999999999999674,0.00000000000000000000,0.00000000000000000000,0.20449999999999998734,0.00000000000000000000,0.00000000000000000000,0.04549999999999999878,0.00000000000000000000,0.00000000000000000000,0.18179999999999998939,0.00000000000000000000,0.00000000000000000000,0.00000000000000000000,0.00000000000000000000,0.00000000000000000000,0.00000000000000000000,0.00000000000000000000,0.11360000000000000653,0.15909999999999999143,0.00000000000000000000,0.00000000000000000000,0.09089999999999999469,0.00000000000000000000,0.00000000000000000000,0.00000000000000000000,0.00000000000000000000,0.00000000000000000000,0.00000000000000000000
76,"""Don't feed me that nonsense."" Her voice sliced cold through the room, though the slightest tremor betrayed her. The Bargainer laughed. ""Bertha. Bertha. Bertha."" Three summons, each heavier than the last.",0.00000000000000000000,0.00000000000000000000,0.00000000000000000000,0.17949999999999999289,0.07689999999999999614,0.12820000000000000839,0.05129999999999999838,0.20510000000000000453,0.00000000000000000000,0.00000000000000000000,0.00000000000000000000,0.00000000000000000000,0.00000000000000000000,0.00000000000000000000,0.00000000000000000000,0.00000000000000000000,0.00000000000000000000,0.00000000000000000000,0.00000000000000000000,0.00000000000000000000,0.00000000000000000000,0.10259999999999999676,0.23080000000000000515,0.00000000000000000000,0.00000000000000000000,0.02560000000000000123,0.00000000000000000000,0.00000000000000000000,0.00000000000000000000,0.00000000000000000000,0.00000000000000000000,0.00000000000000000000
77,"""You knew the rules when we made our deal. Nothing comes free."" ""Then take your damned castle back. I revoke it."" She lifted her chin defiantly. The tapping ceased. Gloved fingers slid into his coat pocket, withdrawing a small, weathered book—The Ledger. Its cracked spine whispered of countless deals. He flipped slowly to a page bearing her maiden name: Bertha Onman Skodd. Her signature glared up in faded ink.",0.00000000000000000000,0.00000000000000000000,0.08110000000000000542,0.05410000000000000225,0.00000000000000000000,0.00000000000000000000,0.00000000000000000000,0.18920000000000000706,0.00000000000000000000,0.00000000000000000000,0.00000000000000000000,0.00000000000000000000,0.00000000000000000000,0.00000000000000000000,0.00000000000000000000,0.00000000000000000000,0.00000000000000000000,0.00000000000000000000,0.00000000000000000000,0.00000000000000000000,0.00000000000000000000,0.13509999999999999787,0.24319999999999999951,0.00000000000000000000,0.00000000000000000000,0.10810000000000000164,0.16220000000000001084,0.00000000000000000000,0.00000000000000000000,0.00000000000000000000,0.00000000000000000000,0.02699999999999999969
78,"Beneath it, terms and conditions sprawled in meticulous crimson script—words she'd never bothered to read, the handwriting too ornate, the clauses too dense. ""You can't run from a deal, dear Bertha. That's not how the order works."" His mask gleamed wetly in the lamplight. Her nails bit into the wooden frame as her black-rimmed eyes searched for any weakness.",0.00000000000000000000,0.00000000000000000000,0.14549999999999999045,0.10910000000000000253,0.00000000000000000000,0.00000000000000000000,0.00000000000000000000,0.18179999999999998939,0.00000000000000000000,0.00000000000000000000,0.00000000000000000000,0.00000000000000000000,0.00000000000000000000,0.00000000000000000000,0.00000000000000000000,0.00000000000000000000,0.00000000000000000000,0.00000000000000000000,0.00000000000000000000,0.00000000000000000000,0.00000000000000000000,0.07270000000000000073,0.12729999999999999649,0.05449999999999999983,0.00000000000000000000,0.01820000000000000090,0.16359999999999999543,0.09089999999999999469,0.00000000000000000000,0.00000000000000000000,0.00000000000000000000,0.03640000000000000180
79,"""So this is it?"" Her voice echoed strangely in the silent study. Not a pin drop from the guards outside. Where were they? ""My fate?"" ""Predestined the moment you signed."" He closed the ledger with a snap, smoothing his coat as he tucked it away. ""Then why not state your price up front? You call yourself a merchant, but you're just a scammer.""",0.00000000000000000000,0.00000000000000000000,0.11899999999999999467,0.04760000000000000342,0.00000000000000000000,0.00000000000000000000,0.00000000000000000000,0.21429999999999999050,0.00000000000000000000,0.00000000000000000000,0.00000000000000000000,0.00000000000000000000,0.00000000000000000000,0.14289999999999999925,0.00000000000000000000,0.00000000000000000000,0.00000000000000000000,0.00000000000000000000,0.00000000000000000000,0.00000000000000000000,0.00000000000000000000,0.07140000000000000513,0.16669999999999998708,0.00000000000000000000,0.00000000000000000000,0.02380000000000000171,0.02380000000000000171,0.00000000000000000000,0.00000000000000000000,0.00000000000000000000,0.00000000000000000000,0.19050000000000000266
80,"Silence. Then—a rumble from deep in his throat. A laugh that turned her blood to ice. ""Scammer?"" His grip tightened on the cane until the leather creaked. ""I've walked this world long enough to hear every insult. But this I know: I am what I am. Every deal has terms. Every secret carries a price. You know my secret, Bertha—that I exist. And that knowledge... demands payment.""",0.00000000000000000000,0.00000000000000000000,0.00000000000000000000,0.14890000000000000457,0.00000000000000000000,0.17019999999999999019,0.00000000000000000000,0.21270000000000000018,0.00000000000000000000,0.00000000000000000000,0.00000000000000000000,0.12770000000000000795,0.04259999999999999898,0.00000000000000000000,0.00000000000000000000,0.00000000000000000000,0.02129999999999999949,0.00000000000000000000,0.00000000000000000000,0.00000000000000000000,0.00000000000000000000,0.08509999999999999509,0.19150000000000000355,0.00000000000000000000,0.00000000000000000000,0.00000000000000000000,0.00000000000000000000,0.00000000000000000000,0.00000000000000000000,0.00000000000000000000,0.00000000000000000000,0.00000000000000000000
81,"Her hand flashed up. A silver pistol gleamed between them—the one she'd ordered for protection. The barrel wavered slightly despite her iron grip. ""One more word,"" she hissed, ""and I'll put a bullet through that mask.""",0.00000000000000000000,0.00000000000000000000,0.00000000000000000000,0.18750000000000000000,0.00000000000000000000,0.00000000000000000000,0.00000000000000000000,0.25000000000000000000,0.00000000000000000000,0.00000000000000000000,0.00000000000000000000,0.00000000000000000000,0.00000000000000000000,0.00000000000000000000,0.00000000000000000000,0.00000000000000000000,0.00000000000000000000,0.00000000000000000000,0.00000000000000000000,0.00000000000000000000,0.00000000000000000000,0.12500000000000000000,0.28120000000000000551,0.00000000000000000000,0.00000000000000000000,0.09379999999999999449,0.00000000000000000000,0.00000000000000000000,0.06250000000000000000,0.00000000000000000000,0.00000000000000000000,0.00000000000000000000
82,"The Bargainer laughed again. ""How humans cling to their worthless lives."" He stepped closer, cane thudding against the floorboards. Bertha retreated until the window frame pressed into her back. Her black eyes locked onto his advancing form. She pulled the trigger. The bullet went straight to the Bargainer's neck. Her eyes widened, her breath came in cold gasps.",0.00000000000000000000,0.00000000000000000000,0.00000000000000000000,0.12770000000000000795,0.00000000000000000000,0.17019999999999999019,0.00000000000000000000,0.21270000000000000018,0.00000000000000000000,0.00000000000000000000,0.00000000000000000000,0.04259999999999999898,0.00000000000000000000,0.00000000000000000000,0.00000000000000000000,0.00000000000000000000,0.02129999999999999949,0.00000000000000000000,0.00000000000000000000,0.00000000000000000000,0.00000000000000000000,0.08509999999999999509,0.19150000000000000355,0.00000000000000000000,0.00000000000000000000,0.14890000000000000457,0.00000000000000000000,0.00000000000000000000,0.00000000000000000000,0.00000000000000000000,0.00000000000000000000,0.00000000000000000000
83,"The terrifying truth revealed itself. No blood. No wound. The bullet flattened against his skin like a pellet, falling harmlessly to the floor. She shot many more and they all fell off, not a single one affecting him. With the last bullet, she aimed at the center of his forehead. It punched a hole through the velvet mask, lodging there.",0.00000000000000000000,0.00000000000000000000,0.14000000000000001332,0.08000000000000000167,0.00000000000000000000,0.00000000000000000000,0.00000000000000000000,0.22000000000000000111,0.00000000000000000000,0.00000000000000000000,0.00000000000000000000,0.04000000000000000083,0.00000000000000000000,0.16000000000000000333,0.00000000000000000000,0.00000000000000000000,0.00000000000000000000,0.00000000000000000000,0.00000000000000000000,0.00000000000000000000,0.00000000000000000000,0.10000000000000000555,0.05999999999999999778,0.00000000000000000000,0.00000000000000000000,0.20000000000000001110,0.00000000000000000000,0.00000000000000000000,0.00000000000000000000,0.00000000000000000000,0.00000000000000000000,0.00000000000000000000
84,"Unharmed, the tall creature plucked the bullet out and threw it to the floor. His hands moved to the back of his head. ""Ever wondered how I got my wealth? How long I've lived, what I am?"" Metallic clicks echoed from the back of his skull. To her horror, the velvet oval mask clattered to the floor. Revealing his face... Or if it could be called a face.",0.00000000000000000000,0.00000000000000000000,0.00000000000000000000,0.11630000000000000060,0.00000000000000000000,0.00000000000000000000,0.00000000000000000000,0.23260000000000000120,0.00000000000000000000,0.00000000000000000000,0.13950000000000001288,0.16280000000000000027,0.00000000000000000000,0.06980000000000000093,0.00000000000000000000,0.00000000000000000000,0.00000000000000000000,0.00000000000000000000,0.00000000000000000000,0.00000000000000000000,0.00000000000000000000,0.09299999999999999933,0.00000000000000000000,0.00000000000000000000,0.00000000000000000000,0.18599999999999999867,0.00000000000000000000,0.00000000000000000000,0.00000000000000000000,0.00000000000000000000,0.00000000000000000000,0.00000000000000000000
85,"Bertha recoiled, eyes bulging with primal terror. Mask or no mask—it changed nothing. The face beneath was a blank, oval expanse. No eyes. No nose. No mouth. Nothing. Just scaly, corpse-pale skin stretched tight over nothingness. His voice vibrated from the void. ""Curiosity, dread... fear. This is what you feel."" A laugh scraped the air, making her shiver in disgust.",0.00000000000000000000,0.00000000000000000000,0.00000000000000000000,0.12280000000000000637,0.00000000000000000000,0.00000000000000000000,0.00000000000000000000,0.21040000000000000369,0.00000000000000000000,0.00000000000000000000,0.10530000000000000471,0.19300000000000000488,0.00000000000000000000,0.14039999999999999702,0.00000000000000000000,0.00000000000000000000,0.00000000000000000000,0.00000000000000000000,0.00000000000000000000,0.00000000000000000000,0.00000000000000000000,0.07019999999999999851,0.00000000000000000000,0.00000000000000000000,0.00000000000000000000,0.15790000000000001257,0.00000000000000000000,0.00000000000000000000,0.00000000000000000000,0.00000000000000000000,0.00000000000000000000,0.00000000000000000000
86,"""How are you talking?"" Her voice was a strangled whisper. He shrugged off his coat, revealing tattered fabric revealed under this fanciness. She covered her mouth, stifling a scream. His body was a nightmare tapestry. Countless eyes, countless noses and mouths littered his torso and limbs like obscene growths. The eyes, as soulless as they were, stared at her. Disgusting her... inviting her. His limbs elongated unnaturally, thin and impossibly long.",0.00000000000000000000,0.00000000000000000000,0.00000000000000000000,0.12959999999999999298,0.00000000000000000000,0.00000000000000000000,0.00000000000000000000,0.22220000000000000862,0.00000000000000000000,0.00000000000000000000,0.00000000000000000000,0.20369999999999999218,0.00000000000000000000,0.14810000000000000941,0.00000000000000000000,0.00000000000000000000,0.00000000000000000000,0.00000000000000000000,0.00000000000000000000,0.00000000000000000000,0.00000000000000000000,0.07409999999999999920,0.05559999999999999665,0.00000000000000000000,0.00000000000000000000,0.16669999999999998708,0.00000000000000000000,0.00000000000000000000,0.00000000000000000000,0.00000000000000000000,0.00000000000000000000,0.00000000000000000000
87,"Like a flash of shadow, he appeared in front of her. Cold, spidery fingers clamped her jaw. ""It's so sad to see you go..."" Tick. Tick. Tick. Her heart hammered against her ribs like a trapped bird. She could see her life flash before her tear-blurred eyes. Tears welled up and fell. The kohl she wore blackened the tears, making her look even uglier than she felt. His grip tightened.",0.00000000000000000000,0.00000000000000000000,0.04479999999999999954,0.13430000000000000271,0.00000000000000000000,0.00000000000000000000,0.00000000000000000000,0.17899999999999999245,0.00000000000000000000,0.00000000000000000000,0.00000000000000000000,0.11940000000000000613,0.00000000000000000000,0.00000000000000000000,0.00000000000000000000,0.00000000000000000000,0.00000000000000000000,0.14929999999999998828,0.00000000000000000000,0.00000000000000000000,0.00000000000000000000,0.05970000000000000306,0.01490000000000000005,0.00000000000000000000,0.00000000000000000000,0.02989999999999999949,0.10449999999999999567,0.00000000000000000000,0.00000000000000000000,0.00000000000000000000,0.00000000000000000000,0.16420000000000001261
88,"Crack. Agony exploded through her shattered jaw. ""I've seen empires fall, revolutions rise and it's all the same."" A jagged dagger appeared in his other hand – beautiful, cruel. Who knew how many lives it had taken? With a wet thunk, it plunged deep within her ribcage. Her scream tore through the silence.",0.00000000000000000000,0.00000000000000000000,0.02740000000000000074,0.06850000000000000533,0.00000000000000000000,0.00000000000000000000,0.00000000000000000000,0.17799999999999999156,0.00000000000000000000,0.00000000000000000000,0.00000000000000000000,0.12330000000000000682,0.00000000000000000000,0.00000000000000000000,0.00000000000000000000,0.00000000000000000000,0.00000000000000000000,0.15070000000000000062,0.00000000000000000000,0.00000000000000000000,0.00000000000000000000,0.04109999999999999765,0.16439999999999999059,0.00000000000000000000,0.00000000000000000000,0.09589999999999999913,0.01370000000000000037,0.00000000000000000000,0.00000000000000000000,0.00000000000000000000,0.00000000000000000000,0.13700000000000001066
89,"""You humans follow the same repetitive fashion..."" He ripped the blade free and plunged it again. And again. Her screams weakened to gurgles. Bertha looked at him, her eyes full-blown in fear and pain, red streaks visible. Blood pooled thick and dark between them.",0.00000000000000000000,0.00000000000000000000,0.02779999999999999832,0.06940000000000000335,0.00000000000000000000,0.08329999999999999905,0.00000000000000000000,0.18049999999999999378,0.00000000000000000000,0.00000000000000000000,0.00000000000000000000,0.12500000000000000000,0.00000000000000000000,0.00000000000000000000,0.00000000000000000000,0.00000000000000000000,0.00000000000000000000,0.15279999999999999138,0.00000000000000000000,0.00000000000000000000,0.00000000000000000000,0.04170000000000000095,0.16669999999999998708,0.00000000000000000000,0.00000000000000000000,0.00000000000000000000,0.01389999999999999916,0.00000000000000000000,0.00000000000000000000,0.00000000000000000000,0.00000000000000000000,0.13889999999999999569
90,"This was it... She was dying. ""Every dawn has its dusk."" His hand, slick with her blood, plunged into her ruined chest. She convulsed, staring into his faceless void.",0.00000000000000000000,0.00000000000000000000,0.16980000000000000648,0.05659999999999999754,0.00000000000000000000,0.00000000000000000000,0.00000000000000000000,0.22639999999999999014,0.00000000000000000000,0.00000000000000000000,0.00000000000000000000,0.01890000000000000013,0.00000000000000000000,0.00000000000000000000,0.00000000000000000000,0.00000000000000000000,0.00000000000000000000,0.18870000000000000662,0.00000000000000000000,0.00000000000000000000,0.00000000000000000000,0.09429999999999999494,0.03769999999999999740,0.00000000000000000000,0.00000000000000000000,0.00000000000000000000,0.00000000000000000000,0.00000000000000000000,0.00000000000000000000,0.00010000000000000000,0.00000000000000000000,0.20749999999999999001
91,"""Each secret demands a price."" His fingers closed. Riiip. Her heart tore free. Her body dropped to the floor. Silent. Lifeless. Dead. He raised the dripping heart towards the back of his head. A wet, tearing sound filled the room. A giant, jagged-toothed maw split open amidst the stolen faces, feasting greedily.",0.00000000000000000000,0.00000000000000000000,0.00000000000000000000,0.03169999999999999901,0.00000000000000000000,0.00000000000000000000,0.00000000000000000000,0.20630000000000001115,0.00000000000000000000,0.00000000000000000000,0.00000000000000000000,0.19050000000000000266,0.00000000000000000000,0.00000000000000000000,0.00000000000000000000,0.00000000000000000000,0.00000000000000000000,0.15870000000000000773,0.00000000000000000000,0.00000000000000000000,0.00000000000000000000,0.07939999999999999836,0.06350000000000000089,0.00000000000000000000,0.00000000000000000000,0.12700000000000000178,0.00000000000000000000,0.00000000000000000000,0.00000000000000000000,0.00000000000000000000,0.00000000000000000000,0.14289999999999999925
92,"Bertha was dead. The light gone. Was it mercy, not seeing that final horror? You wouldn't know. You're too busy reading this book. Tick. Tick. Tick.",0.00000000000000000000,0.00000000000000000000,0.05410000000000000225,0.00000000000000000000,0.00000000000000000000,0.00000000000000000000,0.00000000000000000000,0.16220000000000001084,0.00000000000000000000,0.00000000000000000000,0.13509999999999999787,0.00000000000000000000,0.00000000000000000000,0.00000000000000000000,0.00000000000000000000,0.00000000000000000000,0.00000000000000000000,0.08110000000000000542,0.00000000000000000000,0.00000000000000000000,0.00000000000000000000,0.27019999999999999574,0.00000000000000000000,0.00000000000000000000,0.00000000000000000000,0.10810000000000000164,0.00000000000000000000,0.00000000000000000000,0.00000000000000000000,0.00000000000000000000,0.00000000000000000000,0.18920000000000000706
